{"cameraMode":{"drawMode":0,"name":"Shaded","section":"Shading Mode"},"sceneLighting":false,"audioPlay":false,"sceneViewState":{"showFog":true,"showMaterialUpdate":false,"showSkybox":true,"showFlares":true,"showImageEffects":true,"showParticleSystems":true},"in2DMode":false,"pivot":{"x":3.372152328491211,"y":1.5263035297393799,"z":-6.758739471435547},"rotation":{"x":0.10392529517412186,"y":-0.1491977572441101,"z":0.015770386904478074,"w":0.9832044243812561},"size":17.658653259277345,"orthographic":false}